"Dose","Number_tested","Number_killed","Mortality_rate"
49.06,49,6,0.122448979591837
52.99,60,13,0.216666666666667
56.91,62,18,0.290322580645161
60.84,56,28,0.5
64.76,63,52,0.825396825396825
68.69,59,53,0.898305084745763
72.61,62,61,0.983870967741935
76.54,60,60,1
