bp,mins_per_week,diet
77.56704328440642,122.92899433523417,vegetarian
84.30683965374942,111.4319077692926,vegetarian
75.23322887636917,65.7554638106376,vegetarian
85.67402483313933,90.62628909014165,vegetarian
77.45327161556312,100.08819452486932,vegetarian
102.3111399714664,36.17327222600579,vegetarian
91.1078135545659,105.92612056061625,vegetarian
93.95119080353528,15.055149141699076,vegetarian
88.28634171296424,55.551186529919505,vegetarian
101.39636176671918,42.53990384750068,vegetarian
78.07305449856011,56.95809619501233,vegetarian
78.59336449050025,179.01882058940828,vegetarian
98.43035173876703,89.24706466495991,vegetarian
76.93306668732667,155.99697795696557,vegetarian
81.16495449424116,176.12380697391927,vegetarian
80.24567228657473,82.62484190054238,vegetarian
81.67245435349396,12.76169610209763,vegetarian
81.53789198686634,67.0974983368069,vegetarian
88.49443141943806,144.74518932402134,vegetarian
82.55146451030889,67.52306669950485,vegetarian
78.6795971338919,126.08282449655235,vegetarian
96.7491591436909,168.12291080132127,vegetarian
81.14194258511107,171.22633294202387,vegetarian
82.42171613751076,78.27185620553792,vegetarian
83.23710481665505,76.09877712093294,vegetarian
90.33577221852467,179.08908519893885,vegetarian
82.97572443291476,128.86315258219838,vegetarian
83.1415009878971,148.21572974324226,vegetarian
76.97278831938456,121.06068930588663,vegetarian
79.95113405454215,180.61632229946554,vegetarian
85.01414409414679,58.746031019836664,vegetarian
78.72853491762658,38.25202197767794,vegetarian
88.54206003971727,177.29018866084516,vegetarian
68.80938021067018,100.66789714619517,vegetarian
86.31146352184882,175.41150860488415,vegetarian
69.25711451974021,37.83872448839247,vegetarian
80.47403262685987,151.6206104774028,vegetarian
78.26820317021267,144.89977853372693,vegetarian
76.59160255660028,188.74496365897357,vegetarian
83.33573904749396,109.52931740321219,vegetarian
64.43291800775334,142.34877354465425,vegetarian
95.98802292053375,77.78101996518672,vegetarian
68.14852938551456,20.174625236541033,vegetarian
78.51009180809919,185.46041771769524,vegetarian
73.27433394894958,56.64650006219745,vegetarian
76.31066367043825,118.1146317627281,vegetarian
105.65094424639605,22.072120988741517,vegetarian
83.49294213269877,168.101406423375,vegetarian
71.50106732676997,63.59273688867688,vegetarian
67.02824198183511,156.57026739791036,vegetarian
